id_persona,nombre,primer_apellido,segundo_apellido,email
1,Andrea,López,Ramírez,andrea.lopez@gmail.com
2,Pablo,Rodríguez,García,pablo.rodriguez@hotmail.com
3,Mariana,González,Martínez,mariana.gonzalez@yahoo.com
4,Luis,Fernández,Hernández,luis.fernandez@gmail.com
5,Sofía,Martínez,Ramírez,sofia.martinez@hotmail.com
6,David,Hernández,Pérez,david.hernandez@gmail.com
7,Ana,Martínez,González,ana.martinez@hotmail.com
8,Javier,Sánchez,Ramírez,javier.sanchez@yahoo.com
9,Maria,García,Hernández,maria.garcia@gmail.com
10,Alejandro,Rodríguez,Pérez,alejandro.rodriguez@hotmail.com
11,Valentina,Fernández,González,valentina.fernandez@yahoo.com
12,Carlos,Martínez,Rodríguez,carlos.martinez@gmail.com
13,Sofía,González,Hernández,sofia.gonzalez@hotmail.com
14,Diego,Rodríguez,Ramírez,diego.rodriguez@yahoo.com
15,Lucía,Hernández,Pérez,lucia.hernandez@gmail.com
16,Emilio,García,González,emilio.garcia@hotmail.com
17,Andrea,Rodríguez,Hernández,andrea.rodriguez@yahoo.com
18,Santiago,González,Ramírez,santiago.gonzalez@gmail.com
19,Daniela,Pérez,Rodríguez,daniela.perez@hotmail.com
20,Ricardo,Ramírez,García,ricardo.ramirez@yahoo.com
21,Alicia,Fernández,Martínez,alicia.fernandez@gmail.com
22,Jorge,Martínez,Ramírez,jorge.martinez@hotmail.com
23,Adriana,Rodríguez,Fernández,adriana.rodriguez@yahoo.com
24,Miguel,Hernández,García,miguel.hernandez@gmail.com
25,Ana,García,Rodríguez,ana.garcia@hotmail.com
26,Sebastián,Ramírez,Hernández,sebastian.ramirez@yahoo.com
27,Mariana,González,Fernández,mariana.gonzalez@gmail.com
28,Diego,Martínez,Rodríguez,diego.martinez@hotmail.com
29,Valeria,Pérez,Ramírez,valeria.perez@yahoo.com
30,Luisa,Ramírez,García,luisa.ramirez@gmail.com
31,Óscar,Rodríguez,Martínez,oscar.rodriguez@hotmail.com
32,María,Hernández,Ramírez,maria.hernandez@yahoo.com
33,Andrés,García,Fernández,andres.garcia@gmail.com
34,Sara,Martínez,Pérez,sara.martinez@hotmail.com
35,Antonio,Rodríguez,González,antonio.rodriguez@yahoo.com
36,Camila,Hernández,Martínez,camila.hernandez@gmail.com
37,Mauricio,González,Rodríguez,mauricio.gonzalez@hotmail.com
38,Isabella,Pérez,Hernández,isabella.perez@yahoo.com
39,Fernando,Ramírez,García,fernando.ramirez@gmail.com
40,Julieta,Fernández,Rodríguez,julieta.fernandez@hotmail.com
41,Alejandra,Rodríguez,Martínez,alejandra.rodriguez@yahoo.com
42,Enrique,Hernández,Pérez,enrique.hernandez@gmai.com
43,Diana,González,Ramírez,diana.gonzalez@gmail.com
44,Roberto,Martínez,Hernández,roberto.martinez@hotmail.com
45,Laura,Rodríguez,Fernández,laura.rodriguez@yahoo.com
46,Pedro,Ramírez,Martínez,pedro.ramirez@gmail.com
47,Mónica,Hernández,González,monica.hernandez@hotmail.com
48,Felipe,García,Rodríguez,felipe.garcia@yahoo.com
49,Julia,Pérez,Ramírez,julia.perez@gmail.com
50,Hugo,Fernández,Hernández,hugo.fernandez@hotmail.com
51,Marina,Martínez,Rodríguez,marina.martinez@yahoo.com
52,Juan,Rodríguez,González,juan.rodriguez@gmail.com
53,Paula,Ramírez,Martínez,paula.ramirez@hotmail.com
54,Maximiliano,Hernández,Pérez,maximiliano.hernandez@yahoo.com
55,Regina,García,Rodríguez,regina.garcia@gmail.com
56,Lorenzo,Rodríguez,Ramírez,lorenzo.rodriguez@hotmail.com
57,Estefanía,Hernández,Fernández,estefania.hernandez@yahoo.com
58,Mateo,González,Martínez,mateo.gonzalez@gmail.com
59,Daniela,Rodríguez,Hernández,daniela.rodriguez@hotmail.com
60,Fabián,Martínez,Ramírez,fabian.martinez@yahoo.com
61,Ana Sofía,García,Fernández,anasofia.garcia@gmail.com
62,Diego,Rodríguez,Pérez,diego.rodriguez@hotmail.com
63,Samantha,Hernández,Ramírez,samantha.hernandez@yahoo.com
64,Cristóbal,Ramírez,González,cristobal.ramirez@gmail.com
65,María José,Martínez,Rodríguez,mariajose.martinez@hotmail.com
66,Rodrigo,Rodríguez,Hernández,rodrigo.rodriguez@yahoo.com
67,Ana Laura,González,Pérez,analaura.gonzalez@gmail.com
68,Emiliano,Fernández,Ramírez,emiliano.fernandez@hotmail.com
69,Camilo,Martínez,Hernández,camilo.martinez@yahoo.com
70,Daniela,Ramírez,García,daniela.ramirez@gmail.com
71,Andrés,Rodríguez,Fernández,andres.rodriguez@hotmail.com
72,Luciana,Hernández,Martínez,luciana.hernandez@yahoo.com
73,David,Rodríguez,Ramírez,david.rodriguez@gmail.com
74,Paola,González,Hernández,paola.gonzalez@hotmail.com
75,Sebastián,Martínez,Rodríguez,sebastian.martinez@yahoo.com
76,Alexandra,Ramírez,García,alexandra.ramirez@gmail.com
77,Carlos,Hernández,Fernández,carlos.hernandez@hotmail.com
78,Martina,Rodríguez,Pérez,martina.rodriguez@gmail.com
78,Martina,Rodríguez,Pérez,martina.rodriguez@yahoo.com
79,Andrea,Hernández,Ramírez,andrea.hernandez@gmail.com
80,Leonardo,Ramírez,González,leonardo.ramirez@hotmail.com
81,Valentina,Martínez,Hernández,valentina.martinez@yahoo.com
82,Óscar,Rodríguez,Ramírez,oscar.rodriguez@gmail.com
83,Natalia,González,Martínez,natalia.gonzalez@hotmail.com
84,Francisco,Hernández,Rodríguez,francisco.hernandez@yahoo.com
85,Carolina,Ramírez,Pérez,carolina.ramirez@gmail.com
86,Alejandro,Martínez,González,alejandro.martinez@hotmail.com
87,Ana Paula,Rodríguez,Hernández,anapaula.rodriguez@yahoo.com
88,Renato,Hernández,Ramírez,renato.hernandez@gmail.com
89,Adriana,García,Martínez,adriana.garcia@hotmail.com
90,Manuel,Rodríguez,Rodríguez,manuel.rodriguez@gmail.com
91,Isabela,Hernández,González,isabela.hernandez@yahoo.com
92,Sebastián,González,Rodríguez,sebastian.gonzalez@hotmail.com
93,Daniela,Ramírez,Fernández,daniela.ramirez@yahoo.com
94,Emilio,Martínez,Pérez,emilio.martinez@gmail.com
95,Ana Sofía,Rodríguez,Ramírez,anasofia.rodriguez@hotmail.com
96,Mauricio,Hernández,García,mauricio.hernandez@yahoo.com
97,Valeria,González,Martínez,valeria.gonzalez@gmail.com
98,Felipe,Ramírez,Hernández,felipe.ramirez@hotmail.com
99,Sara,Martínez,Rodríguez,sara.martinez@yahoo.com
100,Diego,Rodríguez,García,diego.rodriguez@gmail.com